sdjiad,,,,
,A,B,C,D
a,0.472195194,0.655285765,0.937220232,0.030727111
b,0.544763832,0.275676748,0.329657295,0.428237099
c,0.479703634,0.226173685,0.066944702,0.92864967